Away,Home
Kansas City Chiefs,New England Patriots
New York Jets,Buffalo Bills
Atlanta Falcons,Chicago Bears
Baltimore Ravens,Cincinnati Bengals
Pittsburgh Steelers,Cleveland Browns
Arizona Cardinals,Detroit Lions
Jacksonville Jaguars,Houston Texans
Tampa Bay Buccaneers,Miami Dolphins
Oakland Raiders,Tennessee Titans
Philadelphia Eagles,Washington Redskins
Indianapolis Colts,Los Angeles Rams
Seattle Seahawks,Green Bay Packers
Carolina Panthers,San Francisco 49ers
New York Giants,Dallas Cowboys
New Orleans Saints,Minnesota Vikings
Los Angeles Chargers,Denver Broncos
Houston Texans,Cincinnati Bengals
Buffalo Bills,Carolina Panthers
Arizona Cardinals,Indianapolis Colts
Tennessee Titans,Jacksonville Jaguars
Philadelphia Eagles,Kansas City Chiefs
New England Patriots,New Orleans Saints
Minnesota Vikings,Pittsburgh Steelers
Cleveland Browns,Baltimore Ravens
Chicago Bears,Tampa Bay Buccaneers
New York Jets,Oakland Raiders
Miami Dolphins,Los Angeles Chargers
Dallas Cowboys,Denver Broncos
Washington Redskins,Los Angeles Rams
San Francisco 49ers,Seattle Seahawks
Green Bay Packers,Atlanta Falcons
Detroit Lions,New York Giants
Los Angeles Rams,San Francisco 49ers
Baltimore Ravens,Jacksonville Jaguars
Denver Broncos,Buffalo Bills
New Orleans Saints,Carolina Panthers
Pittsburgh Steelers,Chicago Bears
Cleveland Browns,Indianapolis Colts
Atlanta Falcons,Detroit Lions
Tampa Bay Buccaneers,Minnesota Vikings
Houston Texans,New England Patriots
Miami Dolphins,New York Jets
New York Giants,Philadelphia Eagles
Seattle Seahawks,Tennessee Titans
Cincinnati Bengals,Green Bay Packers
Kansas City Chiefs,Los Angeles Chargers
Oakland Raiders,Washington Redskins
Dallas Cowboys,Arizona Cardinals
Chicago Bears,Green Bay Packers
New Orleans Saints,Miami Dolphins
Buffalo Bills,Atlanta Falcons
Cincinnati Bengals,Cleveland Browns
Los Angeles Rams,Dallas Cowboys
Tennessee Titans,Houston Texans
Detroit Lions,Minnesota Vikings
Carolina Panthers,New England Patriots
Jacksonville Jaguars,New York Jets
Pittsburgh Steelers,Baltimore Ravens
San Francisco 49ers,Arizona Cardinals
Philadelphia Eagles,Los Angeles Chargers
New York Giants,Tampa Bay Buccaneers
Oakland Raiders,Denver Broncos
Indianapolis Colts,Seattle Seahawks
Washington Redskins,Kansas City Chiefs
New England Patriots,Tampa Bay Buccaneers
Buffalo Bills,Cincinnati Bengals
New York Jets,Cleveland Browns
San Francisco 49ers,Indianapolis Colts
Carolina Panthers,Detroit Lions
Tennessee Titans,Miami Dolphins
Los Angeles Chargers,New York Giants
Arizona Cardinals,Philadelphia Eagles
Jacksonville Jaguars,Pittsburgh Steelers
Baltimore Ravens,Oakland Raiders
Seattle Seahawks,Los Angeles Rams
Green Bay Packers,Dallas Cowboys
Kansas City Chiefs,Houston Texans
Minnesota Vikings,Chicago Bears
Philadelphia Eagles,Carolina Panthers
Miami Dolphins,Atlanta Falcons
Cleveland Browns,Houston Texans
Green Bay Packers,Minnesota Vikings
Detroit Lions,New Orleans Saints
New England Patriots,New York Jets
Chicago Bears,Baltimore Ravens
San Francisco 49ers,Washington Redskins
Tampa Bay Buccaneers,Arizona Cardinals
Los Angeles Rams,Jacksonville Jaguars
Pittsburgh Steelers,Kansas City Chiefs
Los Angeles Chargers,Oakland Raiders
New York Giants,Denver Broncos
Indianapolis Colts,Tennessee Titans
Kansas City Chiefs,Oakland Raiders
Tampa Bay Buccaneers,Buffalo Bills
Carolina Panthers,Chicago Bears
Tennessee Titans,Cleveland Browns
Jacksonville Jaguars,Indianapolis Colts
New Orleans Saints,Green Bay Packers
New York Jets,Miami Dolphins
Baltimore Ravens,Minnesota Vikings
Cincinnati Bengals,Pittsburgh Steelers
Arizona Cardinals,Los Angeles Rams
Dallas Cowboys,San Francisco 49ers
Seattle Seahawks,New York Giants
Denver Broncos,Los Angeles Chargers
Atlanta Falcons,New England Patriots
Washington Redskins,Philadelphia Eagles
Miami Dolphins,Baltimore Ravens
Minnesota Vikings,Cleveland Browns
Oakland Raiders,Buffalo Bills
Indianapolis Colts,Cincinnati Bengals
Chicago Bears,New Orleans Saints
Los Angeles Chargers,New England Patriots
Atlanta Falcons,New York Jets
San Francisco 49ers,Philadelphia Eagles
Carolina Panthers,Tampa Bay Buccaneers
Houston Texans,Seattle Seahawks
Dallas Cowboys,Washington Redskins
Pittsburgh Steelers,Detroit Lions
Denver Broncos,Kansas City Chiefs
Buffalo Bills,New York Jets
Atlanta Falcons,Carolina Panthers
Indianapolis Colts,Houston Texans
Cincinnati Bengals,Jacksonville Jaguars
Tampa Bay Buccaneers,New Orleans Saints
Los Angeles Rams,New York Giants
Baltimore Ravens,Tennessee Titans
Denver Broncos,Philadelphia Eagles
Washington Redskins,Seattle Seahawks
Arizona Cardinals,San Francisco 49ers
Kansas City Chiefs,Dallas Cowboys
Oakland Raiders,Miami Dolphins
Detroit Lions,Green Bay Packers
Seattle Seahawks,Arizona Cardinals
New Orleans Saints,Buffalo Bills
Green Bay Packers,Chicago Bears
Pittsburgh Steelers,Indianapolis Colts
Cleveland Browns,Detroit Lions
Los Angeles Chargers,Jacksonville Jaguars
Cincinnati Bengals,Tennessee Titans
New York Jets,Tampa Bay Buccaneers
Minnesota Vikings,Washington Redskins
Houston Texans,Los Angeles Rams
Dallas Cowboys,Atlanta Falcons
New York Giants,San Francisco 49ers
New England Patriots,Denver Broncos
Miami Dolphins,Carolina Panthers
Tennessee Titans,Pittsburgh Steelers
Detroit Lions,Chicago Bears
Jacksonville Jaguars,Cleveland Browns
Baltimore Ravens,Green Bay Packers
Arizona Cardinals,Houston Texans
Los Angeles Rams,Minnesota Vikings
Washington Redskins,New Orleans Saints
Kansas City Chiefs,New York Giants
Buffalo Bills,Los Angeles Chargers
Cincinnati Bengals,Denver Broncos
New England Patriots,Oakland Raiders
Philadelphia Eagles,Dallas Cowboys
Atlanta Falcons,Seattle Seahawks
Minnesota Vikings,Detroit Lions
Los Angeles Chargers,Dallas Cowboys
New York Giants,Washington Redskins
Tampa Bay Buccaneers,Atlanta Falcons
Cleveland Browns,Cincinnati Bengals
Tennessee Titans,Indianapolis Colts
Buffalo Bills,Kansas City Chiefs
Miami Dolphins,New England Patriots
Carolina Panthers,New York Jets
Chicago Bears,Philadelphia Eagles
New Orleans Saints,Los Angeles Rams
Seattle Seahawks,San Francisco 49ers
Jacksonville Jaguars,Arizona Cardinals
Denver Broncos,Oakland Raiders
Green Bay Packers,Pittsburgh Steelers
Houston Texans,Baltimore Ravens
Washington Redskins,Dallas Cowboys
Minnesota Vikings,Atlanta Falcons
New England Patriots,Buffalo Bills
San Francisco 49ers,Chicago Bears
Tampa Bay Buccaneers,Green Bay Packers
Indianapolis Colts,Jacksonville Jaguars
Denver Broncos,Miami Dolphins
Carolina Panthers,New Orleans Saints
Kansas City Chiefs,New York Jets
Houston Texans,Tennessee Titans
Detroit Lions,Baltimore Ravens
Cleveland Browns,Los Angeles Chargers
Los Angeles Rams,Arizona Cardinals
New York Giants,Oakland Raiders
Philadelphia Eagles,Seattle Seahawks
Pittsburgh Steelers,Cincinnati Bengals
New Orleans Saints,Atlanta Falcons
Indianapolis Colts,Buffalo Bills
Minnesota Vikings,Carolina Panthers
Chicago Bears,Cincinnati Bengals
Green Bay Packers,Cleveland Browns
San Francisco 49ers,Houston Texans
Seattle Seahawks,Jacksonville Jaguars
Oakland Raiders,Kansas City Chiefs
Detroit Lions,Tampa Bay Buccaneers
Tennessee Titans,Arizona Cardinals
New York Jets,Denver Broncos
Washington Redskins,Los Angeles Chargers
Dallas Cowboys,New York Giants
Philadelphia Eagles,Los Angeles Rams
Baltimore Ravens,Pittsburgh Steelers
New England Patriots,Miami Dolphins
Denver Broncos,Indianapolis Colts
Chicago Bears,Detroit Lions
Los Angeles Chargers,Kansas City Chiefs
Miami Dolphins,Buffalo Bills
Green Bay Packers,Carolina Panthers
Baltimore Ravens,Cleveland Browns
Houston Texans,Jacksonville Jaguars
Cincinnati Bengals,Minnesota Vikings
New York Jets,New Orleans Saints
Philadelphia Eagles,New York Giants
Arizona Cardinals,Washington Redskins
Los Angeles Rams,Seattle Seahawks
New England Patriots,Pittsburgh Steelers
Tennessee Titans,San Francisco 49ers
Dallas Cowboys,Oakland Raiders
Atlanta Falcons,Tampa Bay Buccaneers
Indianapolis Colts,Baltimore Ravens
Minnesota Vikings,Green Bay Packers
Tampa Bay Buccaneers,Carolina Panthers
Cleveland Browns,Chicago Bears
Detroit Lions,Cincinnati Bengals
Miami Dolphins,Kansas City Chiefs
Atlanta Falcons,New Orleans Saints
Buffalo Bills,New England Patriots
Los Angeles Chargers,New York Jets
Los Angeles Rams,Tennessee Titans
Denver Broncos,Washington Redskins
Jacksonville Jaguars,San Francisco 49ers
New York Giants,Arizona Cardinals
Seattle Seahawks,Dallas Cowboys
Pittsburgh Steelers,Houston Texans
Oakland Raiders,Philadelphia Eagles
Carolina Panthers,Atlanta Falcons
Houston Texans,Indianapolis Colts
Green Bay Packers,Detroit Lions
Buffalo Bills,Miami Dolphins
Chicago Bears,Minnesota Vikings
New York Jets,New England Patriots
Washington Redskins,New York Giants
Jacksonville Jaguars,Tennessee Titans
Dallas Cowboys,Philadelphia Eagles
Cleveland Browns,Pittsburgh Steelers
Cincinnati Bengals,Baltimore Ravens
New Orleans Saints,Tampa Bay Buccaneers
Kansas City Chiefs,Denver Broncos
San Francisco 49ers,Los Angeles Rams
Oakland Raiders,Los Angeles Chargers
Arizona Cardinals,Seattle Seahawks
